{"train": 0.009679458189865058, "test": 0.02557453202967075}